USE ELIXIR;

INSERT INTO FOURNISSEUR (ID_FOURNISSEUR, NOM_FOURNISSEUR, ADRESSE_FOURNISSEUR, TELEPHONE_FOURNISSEUR, EMAIL_FOURNISSEUR) VALUES
(1, 'ParfumLab SA', '12 Rue des Fragrances, Grasse', '+33 4 93 00 11 22', 'contact@parfumlab.fr'),
(2, 'Atelier Olfactif', '8 Boulevard des Parfumeurs, Paris', '+33 1 45 67 89 00', 'sales@atelierolfactif.fr'),
(3, 'Maison Aromatique', '3 Avenue des Champs, Lyon', '+33 4 72 55 44 33', 'info@maisonaromatique.fr'),
(4, 'Essences d''Afrique', 'Quartier Industriel, Douala, Cameroon', '+237 6 99 12 34 56', 'contact@essences-afrique.cm'),
(5, 'GlobalScents Ltd', '10 Baker Street, London', '+44 20 7946 0998', 'uk@globalscents.co.uk'),
(6, 'Vintage Notes', '21 Rue du Vieux Port, Marseille', '+33 4 91 23 45 67', 'hello@vintagenotes.fr'),
(7, 'Nouveau Par', '45 Via Roma, Milan', '+39 02 2345 6789', 'info@nouveaupar.it'),
(8, 'Oriental Blends', '15 Al-Ma''adi St., Casablanca', '+212 6 12 34 56 78', 'contact@orientalblends.ma');

INSERT INTO PARFUM (ID_PARFUM, NOM_PARFUM, CATEGORIE, GENRE, PRIX, DESCRIPTION_) VALUES
(1, 'Éclat d''Azur', 'Eau de Parfum', 'Femme', 85.00, 'Notes marines, jasmin et musc, idéal pour l''été.'),
(2, 'Noir Intense', 'Eau de Toilette', 'Homme', 72.50, 'Accords boisés et cuir, tenue longue durée.'),
(3, 'Velours Rose', 'Eau de Parfum', 'Femme', 99.00, 'Rose centifolia, vanille et ambre.'),
(4, 'Bois d''Orient', 'Parfum', 'Unisexe', 120.00, 'Santal, oud et encens, caractère chaleureux.'),
(5, 'Citrus Bloom', 'Eau de Cologne', 'Unisexe', 45.50, 'Agrumes pétillants et eucalyptus, très frais.'),
(6, 'Nocturne Velvet', 'Eau de Parfum', 'Homme', 110.00, 'Patchouli, tabac et bergamote.'),
(7, 'Jardin Secret', 'Eau de Toilette', 'Femme', 60.00, 'Fleurs blanches, muguet et musc.'),
(8, 'Aube Sauvage', 'Eau de Parfum', 'Homme', 95.00, 'Notes de tête épicées, cœur de vétiver.'),
(9, 'Opale', 'Eau de Parfum', 'Femme', 130.00, 'Accords chyprés et heliotrope premium.'),
(10, 'Terre d''Avant', 'Parfum', 'Homme', 140.00, 'Couple boisé-musqué, composition de niche.'),
(11, 'Fleur de Lune', 'Eau de Toilette', 'Femme', 55.00, 'Pivoine, freesia, finition délicate.'),
(12, 'Mirage d''Or', 'Eau de Parfum', 'Unisexe', 150.00, 'Ambre doré, vanille noire, très intense.');

INSERT INTO PROPOSE (ID_PARFUM, ID_FOURNISSEUR, PRIX_FOURNISSEUR) VALUES
(1,1,42.00),(1,5,44.50),
(2,2,36.00),(2,5,38.00),
(3,1,55.00),(3,6,58.00),
(4,3,68.00),(4,7,72.00),
(5,5,20.00),(5,8,22.00),
(6,2,60.00),(6,6,62.00),
(7,1,30.00),(7,3,32.00),
(8,4,48.00),(8,5,50.00),
(9,6,70.00),(9,7,75.00),
(10,7,85.00),(10,3,82.00),
(11,1,28.00),(11,8,29.50),
(12,5,95.00),(12,6,98.00);

INSERT INTO MAGASIN (ID_MAGASIN, NOM_MAGASIN, ADRESSE_MAGASIN) VALUES
(1, 'Iris Centre Ville', '5 Place Centrale, Paris'),
(2, 'Iris Vieux Port', '18 Quai des Parfums, Marseille'),
(3, 'Iris Riviera', '120 Promenade, Nice'),
(4, 'Iris Littoral', 'Rond-point Salle des fêtes Akwa, Douala'),
(5, 'Iris West', '45 Rue du Commerce, Lyon');

INSERT INTO EMPLOYE (ID_EMPLOYE, NOM_EMPLOYE, PRENOM_EMPLOYE, POSTE, SALAIRE, ID_EMPLOYE_MANAGER, ID_MAGASIN) VALUES
(1, 'Martin', 'Lucas', 'Directeur magasin', 3200.00, NULL, 1),
(2, 'Leclerc', 'Anne', 'Directrice magasin', 3300.00, NULL, 2),
(3, 'Dia', 'Arnaud', 'Directeur magasin', 3000.00, NULL, 4),
(4, 'Rossi', 'Marco', 'Directeur magasin', 3100.00, NULL, 3),
(5, 'Bernard', 'Sophie', 'Directrice magasin', 3050.00, NULL, 5);

INSERT INTO EMPLOYE (ID_EMPLOYE, NOM_EMPLOYE, PRENOM_EMPLOYE, POSTE, SALAIRE, ID_EMPLOYE_MANAGER, ID_MAGASIN) VALUES
(6, 'Ngono', 'Philippe', 'Conseiller vendeur', 1650.00, 1, 1),
(7, 'Dupont', 'Claire', 'Caissière', 1500.00, 1, 1),
(8, 'Mbele', 'Sonia', 'Conseiller vendeur', 1600.00, 4, 3),
(9, 'Etienne', 'Paul', 'Conseiller vendeur', 1550.00, 2, 2),
(10, 'Kouam', 'Aline', 'Responsable stock', 1800.00, 3, 4),
(11, 'Moretti', 'Luca', 'Conseiller vendeur', 1580.00, 4, 3),
(12, 'Petit', 'Julie', 'Hôte de caisse', 1480.00, 5, 5);

INSERT INTO CLIENT_ (ID_CLIENT, NOM_CLIENT, PRENOM_CLIENT, ADRESSE_CLIENT, EMAIL_CLIENT, TELEPHONE_CLIENT, DATE_NAISSANCE, DATE_INSCRIPTION) VALUES
(1, 'Durand', 'Émile', '10 Rue de la Paix, Paris', 'emile.durand@example.fr', '+33 6 12 34 56 78', '1989-04-12', '2022-03-01'),
(2, 'Moreau', 'Camille', '22 Rue Blanche, Lyon', 'camille.moreau@example.fr', '+33 6 11 22 33 44', '1992-11-30', '2023-05-14'),
(3, 'Kouassi', 'Samuel', 'Akwa, Douala', 'samuel.kouassi@client.cm', '+237 6 99 11 22 33', '1985-02-20', '2024-01-05'),
(4, 'N''Dour', 'Awa', 'Marseille, Le Panier', 'awa.ndour@example.fr', '+33 6 98 76 54 32', '1997-08-18', '2021-11-20'),
(5, 'Rossi', 'Giulia', 'Via Roma 12, Milan', 'giulia.rossi@example.it', '+39 333 444 555', '1990-07-02', '2022-08-09'),
(6, 'Smith', 'Oliver', 'London NW1', 'oliver.smith@example.co.uk', '+44 7700 900900', '1982-12-05', '2020-06-30'),
(7, 'Mendy', 'Fatou', 'Dakar Centre', 'fatou.mendy@example.sn', '+221 77 123 4567', '1995-03-09', '2023-09-01'),
(8, 'Petit', 'Lucas', 'Lyon, 2 Rue des Fleurs', 'lucas.petit@example.fr', '+33 6 23 45 67 89', '2000-01-20', '2024-04-12'),
(9, 'O''Neill', 'Saoirse', 'Dublin 5', 'saoirse.oneill@example.ie', '+353 85 123 4567', '1994-10-10', '2022-12-05'),
(10, 'Kamba', 'Estelle', 'Akwa Bonapriso, Douala', 'estelle.kamba@client.cm', '+237 6 77 88 99 00', '1998-06-25', '2024-02-14'),
(11, 'Gonzalez', 'Maria', 'C/Mayor 8, Madrid', 'maria.gonzalez@example.es', '+34 600 123 456', '1987-09-15', '2021-05-30'),
(12, 'Benoit', 'Hugo', 'Toulouse', 'hugo.benoit@example.fr', '+33 6 55 66 77 88', '1996-02-02', '2023-03-22'),
(13, 'Koffi', 'Brigitte', 'Bonabéri, Douala', 'brigitte.koffi@client.cm', '+237 6 88 11 22 33', '1978-12-12', '2019-10-10'),
(14, 'Leroy', 'Antoine', 'Rouen', 'antoine.leroy@example.fr', '+33 6 44 55 66 77', '1993-05-05', '2024-07-02'),
(15, 'Ben', 'Noah', 'Nice', 'noah.ben@example.fr', '+33 6 99 88 77 66', '2001-09-09', '2024-08-20'),
(16, 'Ahmed', 'Layla', 'Casablanca', 'layla.ahmed@example.ma', '+212 6 78 90 12 34', '1994-04-04', '2023-11-11'),
(17, 'Owusu', 'Kwame', 'Accra', 'kwame.owusu@example.gh', '+233 24 123 4567', '1988-01-01', '2022-02-02'),
(18, 'Hassan', 'Leila', 'Rabat', 'leila.hassan@example.ma', '+212 6 11 22 33 44', '1999-07-07', '2024-06-01'),
(19, 'Nguyen', 'Thi', 'Hanoi', 'thi.nguyen@example.vn', '+84 912345678', '1991-03-03', '2020-09-09'),
(20, 'Santos', 'Diego', 'Lisbon', 'diego.santos@example.pt', '+351 912 345 678', '1986-08-08', '2021-01-15'),
(21, 'Keller', 'Emma', 'Strasbourg', 'emma.keller@example.fr', '+33 6 12 11 10 09', '1995-12-12', '2023-12-01'),
(22, 'Musa', 'Aisha', 'Bamako', 'aisha.musa@example.ml', '+223 66 11 22 33', '1997-02-20', '2024-03-03'),
(23, 'Zhang', 'Wei', 'Beijing', 'wei.zhang@example.cn', '+86 138 0013 8000', '1990-10-10', '2020-10-10'),
(24, 'Park', 'Ji', 'Seoul', 'ji.park@example.kr', '+82 10 1234 5678', '1992-06-06', '2022-07-07'),
(25, 'Alvarez', 'Lucia', 'Buenos Aires', 'lucia.alvarez@example.ar', '+54 9 11 1234 5678', '1984-04-04', '2021-09-21'),
(26, 'Kamanzi', 'Eric', 'Kigali', 'eric.kamanzi@example.rw', '+250 78 123 456', '1998-11-11', '2024-05-05'),
(27, 'Diawara', 'Aminata', 'Bamako', 'aminata.diawara@example.ml', '+223 77 44 55 66', '1996-08-30', '2022-01-01'),
(28, 'Lopez', 'Carlos', 'Barcelona', 'carlos.lopez@example.es', '+34 600 987 654', '1983-03-03', '2020-02-02'),
(29, 'Ivanov', 'Nina', 'Moscow', 'nina.ivanov@example.ru', '+7 912 345 6789', '1985-11-11', '2023-08-08'),
(30, 'Martin', 'Claire', 'Lille', 'claire.martin@example.fr', '+33 6 33 44 55 66', '1999-09-09', '2024-09-01');

INSERT INTO PROMOTION (ID_PROMOTION, TYPE_PROMO, DATE_DEBUT, DATE_FIN, TAUX_REDUCTION) VALUES
(1, 'Saisonnière', '2024-06-01', '2024-08-31', 15.00),
(2, 'Noël', '2024-12-01', '2024-12-31', 20.00),
(3, 'Anniversaire client', '2024-01-01', '2026-12-31', 25.00), 
(4, 'Black Friday', '2024-11-25', '2024-11-30', 30.00),
(5, 'Lancement collection', '2024-03-15', '2024-04-15', 10.00),
(6, 'Fête des Mères', '2025-05-20', '2025-05-31', 18.00),
(7, 'Black Friday', '2025-10-01', '2025-12-31', 50.00);

INSERT INTO AFFECTER (ID_PARFUM, ID_PROMOTION) VALUES
(1,1),(3,1),(5,1),
(12,4),(9,4),
(7,5),(11,5),
(2,2),(6,2),
(3,3),(9,3),
(4,6),(1,6);

INSERT INTO ACHAT_FOURNISSEUR (ID_ACHAT, DATE_ACHAT, MONTANT_TOTAL) VALUES
(1, '2024-05-01', 420.00),
(2, '2024-05-03', 860.00),
(3, '2024-05-10', 150.00),
(4, '2024-06-01', 760.00),
(5, '2024-06-15', 1200.00),
(6, '2024-07-01', 540.00),
(7, '2024-07-10', 330.00),
(8, '2024-07-20', 980.00),
(9, '2024-08-05', 210.00),
(10,'2024-08-10', 450.00),
(11,'2024-09-02', 600.00),
(12,'2024-09-15', 720.00),
(13,'2024-10-01', 1100.00),
(14,'2024-10-10', 250.00),
(15,'2024-11-05', 430.00),
(16,'2024-11-10', 540.00),
(17,'2024-11-20', 980.00),
(18,'2024-12-01', 1200.00),
(19,'2024-12-12', 670.00),
(20,'2025-01-05', 890.00),
(21,'2025-02-14', 760.00),
(22,'2025-03-01', 420.00),
(23,'2025-03-10', 380.00),
(24,'2025-04-01', 510.00),
(25,'2025-04-15', 300.00);

INSERT INTO ACHAT_DETAIL (ID_ACHAT, ID_FOURNISSEUR, MONTANT) VALUES
(1,1,420.00),
(2,5,860.00),
(3,8,150.00),
(4,3,760.00),
(5,5,1200.00),
(6,2,540.00),
(7,6,330.00),
(8,7,980.00),
(9,1,210.00),
(10,2,450.00),
(11,3,600.00),
(12,4,720.00),
(13,5,1100.00),
(14,6,250.00),
(15,1,430.00),
(16,2,540.00),
(17,7,980.00),
(18,8,1200.00),
(19,5,670.00),
(20,1,890.00),
(21,3,760.00),
(22,4,420.00),
(23,6,380.00),
(24,2,510.00),
(25,8,300.00);

INSERT INTO OPERATION (ID_OPERATION, TYPE_OPERATION, QUANTITE, DATE_OPERATION) VALUES
(1, 'ENTREE', 200, '2024-05-01 09:00:00'),
(2, 'ENTREE', 120, '2024-05-03 10:00:00'),
(3, 'ENTREE', 60,  '2024-05-10 11:00:00'),
(4, 'ENTREE', 80,  '2024-06-01 09:30:00'),
(5, 'ENTREE', 40,  '2024-06-15 14:00:00'),
(6, 'ENTREE', 70,  '2024-07-01 08:30:00'),
(7, 'ENTREE', 50,  '2024-07-10 09:15:00'),
(8, 'ENTREE', 30,  '2024-07-20 10:10:00'),
(9, 'SORTIE', 15,  '2024-06-05 15:00:00'),
(10,'SORTIE', 8,   '2024-06-06 16:00:00'),
(11,'SORTIE', 20,  '2024-06-07 12:00:00'),
(12,'ENTREE', 150, '2024-08-10 09:00:00'),
(13,'SORTIE', 10,  '2024-07-03 14:00:00'),
(14,'ENTREE', 90,  '2024-09-01 10:00:00'),
(15,'ENTREE', 60,  '2024-09-15 11:00:00'),
(16,'SORTIE', 25,  '2024-10-05 13:00:00'),
(17,'ENTREE', 100, '2024-11-01 09:00:00'),
(18,'SORTIE', 30,  '2024-11-20 17:00:00'),
(19,'ENTREE', 80,  '2024-12-01 09:30:00'),
(20,'ENTREE', 40,  '2025-01-05 10:00:00');

INSERT INTO STOCK (ID_PARFUM, ID_MAGASIN, ID_OPERATION, QUANTITE) VALUES
(1,1,1,120),(5,1,1,80),(11,1,1,200),
(2,2,2,120),(6,2,2,120),
(3,1,3,60),(4,3,4,80),(8,4,4,40),
(7,5,5,40),(9,5,5,40),
(1,1,6,70),(2,2,6,70),
(5,1,7,50),(3,1,7,50),
(11,1,8,30),(6,2,8,30),
(1,1,9, 15),(2,1,10, 8),(3,1,11, 20), 
(10,2,12,150),(4,3,12,120),
(7,5,13,10),(9,5,14,90),
(12,1,15,60),(1,2,16,25),
(5,3,17,100),(2,2,18,30),
(8,4,19,80),(11,1,20,40);


INSERT INTO COMMANDE (ID_COMMANDE, DATE_COMMANDE, CANAL, MONTANT_TOTAL, ID_CLIENT) VALUES
(1, '2024-06-05 14:32:00', 'Boutique', 127.50, 1),
(2, '2024-06-05 15:10:00', 'En ligne', 45.50, 8),
(3, '2024-06-07 11:20:00', 'Boutique', 220.00, 3),
(4, '2024-06-08 10:05:00', 'Boutique', 99.00, 2),
(5, '2024-06-09 16:45:00', 'En ligne', 85.00, 11),
(6, '2024-06-10 12:10:00', 'Boutique', 150.00, 6),
(7, '2024-06-12 09:00:00', 'En ligne', 60.00, 12),
(8, '2024-06-15 18:30:00', 'Boutique', 240.00, 5),
(9, '2024-06-20 14:00:00', 'En ligne', 55.00, 15),
(10,'2024-07-01 11:11:00', 'Boutique', 310.00, 4),
(11,'2024-07-03 17:00:00', 'En ligne', 95.00, 7),
(12,'2024-07-05 14:55:00', 'Boutique', 48.00, 9),
(13,'2024-07-06 12:30:00', 'En ligne', 185.00, 14),
(14,'2024-07-10 10:10:00', 'Boutique', 72.50, 2),
(15,'2024-07-12 19:20:00', 'En ligne', 150.00, 20),
(16,'2024-07-15 13:00:00', 'Boutique', 99.00, 21),
(17,'2024-07-18 16:40:00', 'En ligne', 45.50, 22),
(18,'2024-07-20 09:25:00', 'Boutique', 140.00, 23),
(19,'2024-07-22 11:11:00', 'En ligne', 60.00, 24),
(20,'2024-07-25 15:35:00', 'Boutique', 85.00, 25),
(21,'2024-08-01 10:00:00', 'En ligne', 150.00, 26),
(22,'2024-08-05 16:50:00', 'Boutique', 110.00, 27),
(23,'2024-08-07 14:00:00', 'En ligne', 95.00, 28),
(24,'2024-08-10 09:10:00', 'Boutique', 160.00, 29),
(25,'2024-08-12 12:12:00', 'En ligne', 240.00, 30),
(26,'2024-09-01 11:11:00', 'Boutique', 55.00, 1),
(27,'2024-09-05 12:00:00', 'En ligne', 72.50, 2),
(28,'2024-09-10 09:30:00', 'Boutique', 95.00, 3),
(29,'2024-09-12 10:45:00', 'En ligne', 60.00, 4),
(30,'2024-09-15 18:00:00', 'Boutique', 85.00, 5),
(31,'2024-10-01 11:11:00', 'En ligne', 310.00, 6),
(32,'2024-10-08 12:12:00', 'Boutique', 150.00, 7),
(33,'2024-10-10 13:30:00', 'En ligne', 240.00, 8),
(34,'2024-10-12 14:45:00', 'Boutique', 48.00, 9),
(35,'2024-10-15 15:15:00', 'En ligne', 185.00, 10),
(36,'2024-10-20 16:40:00', 'Boutique', 95.00, 11),
(37,'2024-10-25 17:00:00', 'En ligne', 72.50, 12),
(38,'2024-11-01 09:00:00', 'Boutique', 160.00, 13),
(39,'2024-11-05 10:10:00', 'En ligne', 99.00, 14),
(40,'2024-11-10 11:11:00', 'Boutique', 310.00, 15),
(41,'2024-11-20 12:12:00', 'En ligne', 240.00, 16),
(42,'2024-11-25 13:13:00', 'Boutique', 150.00, 17),
(43,'2024-12-05 14:14:00', 'En ligne', 95.00, 18),
(44,'2024-12-20 15:15:00', 'Boutique', 250.00, 19),
(45,'2025-01-10 16:16:00', 'En ligne', 60.00, 20),
(46,'2025-02-14 09:30:00', 'Boutique', 150.00, 21),
(47,'2025-03-01 10:00:00', 'En ligne', 72.50, 22),
(48,'2025-04-01 11:11:00', 'Boutique', 95.00, 23),
(49,'2025-05-21 12:00:00', 'En ligne', 160.00, 24),
(50,'2025-06-05 13:00:00', 'Boutique', 310.00, 25),
(51,'2025-06-10 14:00:00', 'En ligne', 48.00, 26),
(52,'2025-06-12 15:00:00', 'Boutique', 185.00, 27),
(53,'2025-06-15 16:00:00', 'En ligne', 95.00, 28),
(54,'2025-07-01 17:00:00', 'Boutique', 72.50, 29),
(55,'2025-07-10 18:00:00', 'En ligne', 240.00, 30),
(56,'2025-07-20 19:00:00', 'Boutique', 99.00, 1),
(57,'2025-08-05 20:00:00', 'En ligne', 60.00, 2),
(58,'2025-08-15 10:10:00', 'Boutique', 150.00, 3),
(59,'2025-09-01 09:09:00', 'En ligne', 85.00, 4),
(60,'2025-09-10 11:11:00', 'Boutique', 240.00, 5);

INSERT INTO DETAILS_COMMANDE (ID_COMMANDE, ID_PARFUM, QUANTITE, PRIX_UNITAIRE) VALUES
(1,1,1,85.00),(1,11,1,42.50),
(2,5,1,45.50),
(3,4,1,120.00),(3,6,1,100.00),
(4,3,1,99.00),
(5,1,1,85.00),
(6,12,1,150.00),
(7,7,1,60.00),
(8,10,2,140.00),(8,2,1,72.50),
(9,11,1,55.00),
(10,9,2,130.00),(10,1,1,50.00),
(11,6,1,95.00),
(12,5,1,48.00),
(13,4,1,120.00),(13,3,1,65.00),
(14,2,1,72.50),
(15,12,1,150.00),
(16,3,1,99.00),
(17,5,1,45.50),
(18,10,1,140.00),
(19,7,1,60.00),
(20,1,1,85.00),
(21,12,1,150.00),
(22,4,1,120.00),
(23,6,1,95.00),
(24,9,1,130.00),
(25,10,2,120.00),
(26,11,1,55.00),
(27,2,1,72.50),
(28,3,1,99.00),
(29,8,1,95.00),
(30,1,1,85.00),
(31,10,2,140.00),
(32,12,1,150.00),
(33,5,2,45.50),
(34,11,1,48.00),
(35,4,1,120.00),
(36,3,1,99.00),
(37,2,1,72.50),
(38,9,1,130.00),
(39,1,1,85.00),
(40,10,2,140.00),
(41,5,2,45.50),
(42,12,1,150.00),
(43,3,1,99.00),
(44,4,1,120.00),
(45,7,1,60.00),
(46,1,1,85.00),
(47,2,1,72.50),
(48,6,1,95.00),
(49,9,1,130.00),
(50,10,1,120.00),
(51,12,1,150.00),
(52,11,1,48.00),
(53,4,1,120.00),
(54,1,1,85.00),
(55,3,1,99.00),
(56,6,1,95.00),
(57,5,1,45.50),
(58,2,1,72.50),
(59,7,1,60.00),
(60,10,2,140.00);

INSERT INTO PROMOTION VALUES (7, 'Black Friday', '2025-10-01', '2025-12-31', 50.00);